{
  "id": "1814220",
  "name": "wm_project",
  "font_family": "iconfont",
  "css_prefix_text": "icon-",
  "description": "",
  "glyphs": [
    {
      "icon_id": "13123463",
      "name": "icon-fenxiang",
      "font_class": "icon-fenxiang",
      "unicode": "e602",
      "unicode_decimal": 58882
    },
    {
      "icon_id": "13123464",
      "name": "icon-check_circle",
      "font_class": "duigou",
      "unicode": "e603",
      "unicode_decimal": 58883
    },
    {
      "icon_id": "13123466",
      "name": "icon-dingdan",
      "font_class": "icon-dingdan",
      "unicode": "e604",
      "unicode_decimal": 58884
    },
    {
      "icon_id": "13123468",
      "name": "icon-jiantou1",
      "font_class": "icon-jiantou1",
      "unicode": "e605",
      "unicode_decimal": 58885
    },
    {
      "icon_id": "13123469",
      "name": "icon-person",
      "font_class": "icon-person",
      "unicode": "e606",
      "unicode_decimal": 58886
    },
    {
      "icon_id": "13123470",
      "name": "icon-jiantou2",
      "font_class": "icon-jiantou2",
      "unicode": "e607",
      "unicode_decimal": 58887
    },
    {
      "icon_id": "13123471",
      "name": "icon-add_circle",
      "font_class": "jia",
      "unicode": "e608",
      "unicode_decimal": 58888
    },
    {
      "icon_id": "13123472",
      "name": "icon-geren",
      "font_class": "icon-geren",
      "unicode": "e609",
      "unicode_decimal": 58889
    },
    {
      "icon_id": "13123473",
      "name": "icon-search",
      "font_class": "icon-search",
      "unicode": "e60a",
      "unicode_decimal": 58890
    },
    {
      "icon_id": "13123474",
      "name": "icon-close",
      "font_class": "icon-close",
      "unicode": "e60b",
      "unicode_decimal": 58891
    },
    {
      "icon_id": "13123475",
      "name": "icon-favorite",
      "font_class": "icon-favorite",
      "unicode": "e60c",
      "unicode_decimal": 58892
    },
    {
      "icon_id": "13123476",
      "name": "icon-sousuo",
      "font_class": "icon-sousuo",
      "unicode": "e60d",
      "unicode_decimal": 58893
    },
    {
      "icon_id": "13123478",
      "name": "icon-fuwu",
      "font_class": "icon-fuwu",
      "unicode": "e60e",
      "unicode_decimal": 58894
    },
    {
      "icon_id": "13123479",
      "name": "icon-shopping_trolley",
      "font_class": "icon-shopping_trolley",
      "unicode": "e60f",
      "unicode_decimal": 58895
    },
    {
      "icon_id": "13123480",
      "name": "icon-vip",
      "font_class": "icon-vip",
      "unicode": "e610",
      "unicode_decimal": 58896
    },
    {
      "icon_id": "13123481",
      "name": "icon-shouji",
      "font_class": "icon-shouji",
      "unicode": "e611",
      "unicode_decimal": 58897
    },
    {
      "icon_id": "13123482",
      "name": "icon-thumb_down",
      "font_class": "icon-thumb_down",
      "unicode": "e612",
      "unicode_decimal": 58898
    },
    {
      "icon_id": "13123483",
      "name": "icon-thumb_up",
      "font_class": "icon-thumb_up",
      "unicode": "e613",
      "unicode_decimal": 58899
    },
    {
      "icon_id": "13123484",
      "name": "icon-jifen",
      "font_class": "icon-jifen",
      "unicode": "e614",
      "unicode_decimal": 58900
    },
    {
      "icon_id": "13123544",
      "name": "icon-arrow_left",
      "font_class": "jiantou",
      "unicode": "e615",
      "unicode_decimal": 58901
    },
    {
      "icon_id": "13123828",
      "name": "icon-xuanxiang",
      "font_class": "icon-xuanxiang",
      "unicode": "e616",
      "unicode_decimal": 58902
    },
    {
      "icon_id": "13123939",
      "name": "icon-keyboard",
      "font_class": "icon-keyboard",
      "unicode": "e617",
      "unicode_decimal": 58903
    },
    {
      "icon_id": "13124005",
      "name": "icon-remove_circl",
      "font_class": "icon-remove_circl",
      "unicode": "e618",
      "unicode_decimal": 58904
    },
    {
      "icon_id": "13124057",
      "name": "icon-waimai",
      "font_class": "icon-waimai",
      "unicode": "e619",
      "unicode_decimal": 58905
    }
  ]
}
